Gene Name,Transcript,Census Tier 1,Sample Name,Sample ID,AA Mutation,CDS Mutation,Primary Tissue,Tissue Subtype 1,Tissue Subtype 2,Histology,Histology Subtype 1,Histology Subtype 2,Pubmed Id,CGP Study,Somatic Status,Sample Type,Zygosity,Genomic Co-ordinates
PTCH2_ENST00000447098,ENST00000447098.6,No,D1119,2963692,p.L1106M,c.3316C>A,Central nervous system,Brain,NS,Primitive neuroectodermal tumour-medulloblastoma,NS,NS,25642631,-,Confirmed Somatic,Unknown,Unknown,1:44823110..44823110
PTCH2_ENST00000447098,ENST00000447098.6,No,TCGA-27-1836-01,1338061,p.V1062M,c.3184G>A,Central nervous system,Brain,NS,Glioma,Astrocytoma Grade IV,Glioblastoma multiforme,-,329,Confirmed Somatic,Tumour Sample,Unknown,1:44823316..44823316
PTCH2_ENST00000447098,ENST00000447098.6,No,TCGA-DB-A64L-01,2194258,p.G1029=,c.3087C>T,Central nervous system,Brain,NS,Glioma,NS,NS,-,545,Confirmed Somatic,Unknown,Unknown,1:44826277..44826277
PTCH2_ENST00000447098,ENST00000447098.6,No,TCGA-16-0848-01,2178151,p.A937=,c.2811C>T,Central nervous system,Brain,NS,Glioma,Astrocytoma Grade IV,Glioblastoma multiforme,-,329,Confirmed Somatic,Unknown,Unknown,1:44826653..44826653
PTCH2_ENST00000447098,ENST00000447098.6,No,TCGA-06-2566-01,2178226,p.D891=,c.2673C>T,Central nervous system,Brain,NS,Glioma,Astrocytoma Grade IV,Glioblastoma multiforme,-,329,Confirmed Somatic,Unknown,Unknown,1:44826924..44826924
PTCH2_ENST00000447098,ENST00000447098.6,No,TCGA-19-5956-01,2178192,p.A818V,c.2453C>T,Central nervous system,Brain,NS,Glioma,Astrocytoma Grade IV,Glioblastoma multiforme,-,329,Confirmed Somatic,Unknown,Unknown,1:44827228..44827228
PTCH2_ENST00000447098,ENST00000447098.6,No,D132,2963689,p.R811C,c.2431C>T,Central nervous system,Brain,NS,Glioma,Astrocytoma Grade III,Pleomorphic xanthoastrocytoma,25642631,-,Confirmed Somatic,Unknown,Unknown,1:44827250..44827250
PTCH2_ENST00000447098,ENST00000447098.6,No,D132,2963689,p.D797G,c.2390A>G,Central nervous system,Brain,NS,Glioma,Astrocytoma Grade III,Pleomorphic xanthoastrocytoma,25642631,-,Confirmed Somatic,Unknown,Unknown,1:44827291..44827291
PTCH2_ENST00000447098,ENST00000447098.6,No,Br27P,1312984,p.A677V,c.2030C>T,Central nervous system,Brain,NS,Glioma,Astrocytoma Grade IV,Glioblastoma multiforme,18772396,-,Confirmed Somatic,Tumour Sample,Heterozygous,1:44827871..44827871
PTCH2_ENST00000447098,ENST00000447098.6,No,3724T,2733673,p.A672T,c.2014G>A,Central nervous system,Brain,NS,Glioma,Astrocytoma Grade IV,Glioblastoma multiforme,27571888,-,Confirmed Somatic,Tumour Sample,Unknown,1:44827887..44827887
PTCH2_ENST00000447098,ENST00000447098.6,No,GBM18-I2,2813454,p.T642=,c.1926A>G,Central nervous system,Brain,NS,Glioma,Astrocytoma Grade IV,Glioblastoma multiforme,28263318,-,Confirmed Somatic,Tumour Sample,Unknown,1:44827975..44827975
PTCH2_ENST00000447098,ENST00000447098.6,No,D1121,2963694,p.R557C,c.1669C>T,Central nervous system,Brain,NS,Glioma,Astrocytoma Grade IV,Glioblastoma multiforme,25642631,-,Confirmed Somatic,Unknown,Unknown,1:44828336..44828336
PTCH2_ENST00000447098,ENST00000447098.6,No,D1121,2963694,p.T498M,c.1493C>T,Central nervous system,Brain,NS,Glioma,Astrocytoma Grade IV,Glioblastoma multiforme,25642631,-,Confirmed Somatic,Unknown,Unknown,1:44828603..44828603
PTCH2_ENST00000447098,ENST00000447098.6,No,GBM18-I1,2813453,p.G492=,c.1476C>T,Central nervous system,Brain,NS,Glioma,Astrocytoma Grade IV,Glioblastoma multiforme,28263318,-,Confirmed Somatic,Tumour Sample,Unknown,1:44828620..44828620
PTCH2_ENST00000447098,ENST00000447098.6,No,TCGA-FG-A4MW-01,2194412,p.G492=,c.1476C>T,Central nervous system,Brain,NS,Glioma,NS,NS,-,545,Confirmed Somatic,Unknown,Unknown,1:44828620..44828620
PTCH2_ENST00000447098,ENST00000447098.6,No,GBM18-I2,2813454,p.G492=,c.1476C>T,Central nervous system,Brain,NS,Glioma,Astrocytoma Grade IV,Glioblastoma multiforme,28263318,-,Confirmed Somatic,Tumour Sample,Unknown,1:44828620..44828620
PTCH2_ENST00000447098,ENST00000447098.6,No,GBM18-I2,2813454,p.T450A,c.1348A>G,Central nervous system,Brain,NS,Glioma,Astrocytoma Grade IV,Glioblastoma multiforme,28263318,-,Confirmed Somatic,Tumour Sample,Unknown,1:44829180..44829180
PTCH2_ENST00000447098,ENST00000447098.6,No,PD8604c,2963698,p.L406M,c.1216C>A,Central nervous system,Brain,NS,Glioma,Astrocytoma Grade IV,Glioblastoma multiforme,25642631,-,Confirmed Somatic,Tumour Sample,Unknown,1:44829312..44829312
PTCH2_ENST00000447098,ENST00000447098.6,No,GBM18-I1,2813453,p.D340G,c.1019A>G,Central nervous system,Brain,NS,Glioma,Astrocytoma Grade IV,Glioblastoma multiforme,28263318,-,Confirmed Somatic,Tumour Sample,Unknown,1:44829678..44829678
PTCH2_ENST00000447098,ENST00000447098.6,No,GBM18-I2,2813454,p.D340G,c.1019A>G,Central nervous system,Brain,NS,Glioma,Astrocytoma Grade IV,Glioblastoma multiforme,28263318,-,Confirmed Somatic,Tumour Sample,Unknown,1:44829678..44829678
PTCH2_ENST00000447098,ENST00000447098.6,No,PD8604a,2963697,p.Q337H,c.1011G>T,Central nervous system,Brain,NS,Glioma,Astrocytoma Grade IV,Glioblastoma multiforme,25642631,-,Confirmed Somatic,Unknown,Unknown,1:44829686..44829686
PTCH2_ENST00000447098,ENST00000447098.6,No,GBM20-R1,2813468,p.E330=,c.990G>A,Central nervous system,Brain,NS,Glioma,Gliomatosis cerebri,NS,28263318,-,Confirmed Somatic,Tumour Sample,Unknown,1:44829707..44829707
PTCH2_ENST00000447098,ENST00000447098.6,No,GBM20-R3,2813470,p.E330=,c.990G>A,Central nervous system,Brain,NS,Glioma,Gliomatosis cerebri,NS,28263318,-,Confirmed Somatic,Tumour Sample,Unknown,1:44829707..44829707
PTCH2_ENST00000447098,ENST00000447098.6,No,GBM20-R2,2813469,p.E330=,c.990G>A,Central nervous system,Brain,NS,Glioma,Gliomatosis cerebri,NS,28263318,-,Confirmed Somatic,Tumour Sample,Unknown,1:44829707..44829707
PTCH2_ENST00000447098,ENST00000447098.6,No,GBM18-I1,2813453,p.R326H,c.977G>A,Central nervous system,Brain,NS,Glioma,Astrocytoma Grade IV,Glioblastoma multiforme,28263318,-,Confirmed Somatic,Tumour Sample,Unknown,1:44829720..44829720
PTCH2_ENST00000447098,ENST00000447098.6,No,GBM18-I2,2813454,p.R326H,c.977G>A,Central nervous system,Brain,NS,Glioma,Astrocytoma Grade IV,Glioblastoma multiforme,28263318,-,Confirmed Somatic,Tumour Sample,Unknown,1:44829720..44829720
PTCH2_ENST00000447098,ENST00000447098.6,No,D1122,2963695,p.A303V,c.908C>T,Central nervous system,Brain,NS,Glioma,Astrocytoma Grade IV,Glioblastoma multiforme,25642631,-,Confirmed Somatic,Unknown,Unknown,1:44829936..44829936
PTCH2_ENST00000447098,ENST00000447098.6,No,TCGA-19-5956-01,2178192,p.S269N,c.806G>A,Central nervous system,Brain,NS,Glioma,Astrocytoma Grade IV,Glioblastoma multiforme,-,329,Confirmed Somatic,Unknown,Unknown,1:44830855..44830855
PTCH2_ENST00000447098,ENST00000447098.6,No,ICGC_MB102,2197423,p.?,c.266-1137G>A,Central nervous system,Brain,NS,Primitive neuroectodermal tumour-medulloblastoma,NS,NS,-,379,Confirmed Somatic,Unknown,Unknown,1:44833478..44833478
PTCH2_ENST00000447098,ENST00000447098.6,No,ICGC_GBM83_tumor,2634875,p.?,c.265+3481G>A,Central nervous system,Brain,NS,Primitive neuroectodermal tumour-medulloblastoma,NS,NS,-,379,Confirmed Somatic,Tumour Sample,Unknown,1:44838366..44838366
PTCH2_ENST00000447098,ENST00000447098.6,No,Br04X,1312966,p.E83=,c.249A>G,Central nervous system,Brain,NS,Glioma,Astrocytoma Grade IV,Glioblastoma multiforme,18772396,-,Confirmed Somatic,Cultured,Heterozygous,1:44841863..44841863
PTCH2_ENST00000447098,ENST00000447098.6,No,D-542MG,753549,p.E83=,c.249A>G,Central nervous system,Brain,NS,Glioma,NS,NS,-,678,Confirmed Somatic,Cultured,Heterozygous,1:44841863..44841863
PTCH2_ENST00000447098,ENST00000447098.6,No,TCGA-06-0649,2107982,p.A38G,c.113C>G,Central nervous system,Brain,NS,Glioma,Astrocytoma Grade IV,Glioblastoma multiforme,23917401,-,Confirmed Somatic,Unknown,Unknown,1:44841999..44841999
PTCH2_ENST00000447098,ENST00000447098.6,No,TCGA-06-0649-01,1337849,p.A38G,c.113C>G,Central nervous system,Brain,NS,Glioma,Astrocytoma Grade IV,Glioblastoma multiforme,-,329,Confirmed Somatic,Tumour Sample,Unknown,1:44841999..44841999
